{
  "liters": 10.0,
  "elements_mg_per_l": {
    "N_total": 157.15577438132232,
    "P": 27.494506740310477,
    "K": 113.83346048593717,
    "Ca": 162.87635811693602,
    "Mg": 63.5571693578534,
    "Na": 5.333460514502076,
    "S": 85.79586471044226,
    "C": 2.0278777160823,
    "Si": 15.328807926812356,
    "Cl": 10.666666666666668,
    "Fe": 1.4420000000000002,
    "Mn": 1.4406666666666668,
    "Cu": 0.09066666666666667,
    "Zn": 0.09066666666666667,
    "B": 0.09533333333333334,
    "Mo": 0.09000000000000001
  },
  "n_forms_mg_per_l": {
    "N_from_fert_NH4": 2.2,
    "N_from_fert_NO3": 134.10000000000002,
    "N_from_fert_urea": 20.7,
    "N_from_water_NH4": 0.005176605985211598,
    "N_from_water_NO3": 0.15059777533711047
  },
  "ions_mmol_per_l": {
    "NH4+": 0.15743726973414235,
    "K+": 2.9114682859852516,
    "Ca+2": 4.063984183765058,
    "Mg+2": 2.6149833103416333,
    "Na+": 0.23199278120385192,
    "NO3-": 9.584741429125856,
    "H2PO4-": 0.8876708854517084,
    "SO4^2-": 2.6756857854496263,
    "Cl-": 0.30089327691584394,
    "HCO3-": 1.6891522771870477,
    "CO3^2-": 0.16883504421632672
  },
  "ions_meq_per_l": {
    "NH4+": 0.15743726973414235,
    "K+": 2.9114682859852516,
    "Ca+2": 8.127968367530116,
    "Mg+2": 5.229966620683267,
    "Na+": 0.23199278120385192,
    "NO3-": -9.584741429125856,
    "H2PO4-": -0.8876708854517084,
    "SO4^2-": -5.351371570899253,
    "Cl-": -0.30089327691584394,
    "HCO3-": -1.6891522771870477,
    "CO3^2-": -0.33767008843265345
  },
  "ion_balance": {
    "cations_meq_per_l": 16.65883332513663,
    "anions_meq_per_l": 18.151499528012362,
    "error_percent_signed": -4.2879975011233,
    "error_percent_abs": 4.2879975011233
  }
}
