{
  "elements_mg_per_l": {
    "B": 0.6053333333333333,
    "C": 2.0278777160823,
    "Ca": 35.66140164605825,
    "Cl": 10.666666666666668,
    "Cu": 1.6006666666666667,
    "Fe": 4.202,
    "K": 150.29355085070844,
    "Mg": 14.108225818190238,
    "Mn": 4.100666666666666,
    "Mo": 0.15000000000000002,
    "N_NH4": 10.55517660598521,
    "N_NO3": 50.150597775337104,
    "N_UREA": 0.0,
    "N_total": 60.705774381322314,
    "Na": 5.333460514502076,
    "P": 26.185244514581402,
    "S": 16.787550340437726,
    "Si": 2.960432512801736,
    "Zn": 1.6006666666666667
  },
  "ion_balance": {
    "anions_meq_per_l": 7.800683514173076,
    "cations_meq_per_l": 7.77009712216759,
    "error_percent_abs": 0.1964345444190555,
    "error_percent_signed": -0.1964345444190555
  },
  "ions_meq_per_l": {
    "CO3^2-": -0.33767008843265345,
    "Ca2+": 1.7795998625708993,
    "Cl-": -0.30089327691584394,
    "H2PO4-": -0.8454008432873411,
    "HCO3-": -1.6891522771870477,
    "K+": 3.8439919600266106,
    "Mg2+": 1.1609319743419246,
    "NH4+": 0.7535805440243034,
    "NO3-": -3.5804720437602797,
    "Na+": 0.23199278120385192,
    "SO4^2-": -1.0470949845899098
  },
  "ions_mmol_per_l": {
    "CO3^2-": 0.16883504421632672,
    "Ca2+": 0.8897999312854497,
    "Cl-": 0.30089327691584394,
    "H2PO4-": 0.8454008432873411,
    "HCO3-": 1.6891522771870477,
    "K+": 3.8439919600266106,
    "Mg2+": 0.5804659871709623,
    "NH4+": 0.7535805440243034,
    "NO3-": 3.5804720437602797,
    "Na+": 0.23199278120385192,
    "SO4^2-": 0.5235474922949549
  },
  "liters": 10.0,
  "oxides_mg_per_l": {
    "B": 0.6053333333333333,
    "CO3": 10.131453333333333,
    "CaO": 49.897666666666666,
    "Cl": 10.666666666666668,
    "Cu": 1.6006666666666667,
    "Fe": 4.202,
    "K2O": 181.0443333333333,
    "MgO": 23.395333333333333,
    "Mn": 4.100666666666666,
    "Mo": 0.15000000000000002,
    "N_total": 60.705774381322314,
    "Na2O": 7.189333333333333,
    "P2O5": 60.0,
    "SO4": 50.29333333333334,
    "SiO2": 6.333333333333334,
    "Zn": 1.6006666666666667
  }
}
