{
  "liters": 10.0,
  "elements_mg_per_l": {
    "N_total": 60.70577438132232,
    "P": 26.185244514581402,
    "K": 150.29355085070844,
    "Ca": 35.66140164605825,
    "Mg": 14.108225818190238,
    "Na": 5.333460514502076,
    "S": 16.787550340437726,
    "C": 2.0278777160823,
    "Si": 2.960432512801736,
    "Cl": 10.666666666666668,
    "Fe": 4.202,
    "Mn": 4.100666666666666,
    "Cu": 1.6006666666666667,
    "Zn": 1.6006666666666667,
    "B": 0.6053333333333333,
    "Mo": 0.15000000000000002
  },
  "n_forms_mg_per_l": {
    "N_from_fert_NH4": 10.55,
    "N_from_fert_NO3": 50.0,
    "N_from_fert_urea": 0.0,
    "N_from_water_NH4": 0.005176605985211598,
    "N_from_water_NO3": 0.15059777533711047
  },
  "ions_mmol_per_l": {
    "NH4+": 0.7535805440243034,
    "K+": 3.8439919600266106,
    "Ca+2": 0.8897999312854497,
    "Mg+2": 0.5804659871709623,
    "Na+": 0.23199278120385192,
    "NO3-": 3.5804720437602797,
    "H2PO4-": 0.8454008432873411,
    "SO4^2-": 0.5235474922949549,
    "Cl-": 0.30089327691584394,
    "HCO3-": 1.6891522771870477,
    "CO3^2-": 0.16883504421632672
  },
  "ions_meq_per_l": {
    "NH4+": 0.7535805440243034,
    "K+": 3.8439919600266106,
    "Ca+2": 1.7795998625708993,
    "Mg+2": 1.1609319743419246,
    "Na+": 0.23199278120385192,
    "NO3-": -3.5804720437602797,
    "H2PO4-": -0.8454008432873411,
    "SO4^2-": -1.0470949845899098,
    "Cl-": -0.30089327691584394,
    "HCO3-": -1.6891522771870477,
    "CO3^2-": -0.33767008843265345
  },
  "ion_balance": {
    "cations_meq_per_l": 7.77009712216759,
    "anions_meq_per_l": 7.800683514173076,
    "error_percent_signed": -0.1964345444190555,
    "error_percent_abs": 0.1964345444190555
  }
}
